,color_name,HEX,RGB,LAB
0,acid green    ,#8ffe09,"(143, 254, 9)","(90, -63, 86)"
1,adobe     ,#bd6c48,"(189, 108, 72)","(54, 29, 34)"
2,algae     ,#54ac68,"(84, 172, 104)","(64, -42, 27)"
3,algae green    ,#21c36f,"(33, 195, 111)","(70, -58, 31)"
4,almost black    ,#070d0d,"(7, 13, 13)","(3, -2, -1)"
5,amber     ,#feb308,"(254, 179, 8)","(78, 16, 80)"
6,amethyst     ,#9b5fc0,"(155, 95, 192)","(51, 42, -42)"
7,apple     ,#6ecb3c,"(110, 203, 60)","(74, -52, 60)"
8,apple green    ,#76cd26,"(118, 205, 38)","(74, -51, 68)"
9,apricot     ,#ffb16d,"(255, 177, 109)","(78, 22, 46)"
10,aqua     ,#13eac9,"(19, 234, 201)","(83, -54, 3)"
11,aqua blue    ,#02d8e9,"(2, 216, 233)","(79, -37, -21)"
12,aqua green    ,#12e193,"(18, 225, 147)","(80, -63, 26)"
13,aqua marine    ,#2ee8bb,"(46, 232, 187)","(83, -55, 9)"
14,aquamarine     ,#04d8b2,"(4, 216, 178)","(77, -53, 6)"
15,army green    ,#4b5d16,"(75, 93, 22)","(37, -18, 36)"
16,asparagus     ,#77ab56,"(119, 171, 86)","(65, -33, 38)"
17,aubergine     ,#3d0734,"(61, 7, 52)","(12, 31, -15)"
18,auburn     ,#9a3001,"(154, 48, 1)","(36, 43, 48)"
19,avocado     ,#90b134,"(144, 177, 52)","(68, -29, 57)"
20,avocado green    ,#87a922,"(135, 169, 34)","(65, -30, 60)"
21,azul     ,#1d5dec,"(29, 93, 236)","(44, 35, -77)"
22,azure     ,#069af3,"(6, 154, 243)","(61, -1, -54)"
23,baby blue    ,#a2cffe,"(162, 207, 254)","(81, -3, -28)"
24,baby green    ,#8cff9e,"(140, 255, 158)","(91, -52, 36)"
25,baby pink    ,#ffb7ce,"(255, 183, 206)","(82, 29, -1)"
26,baby poo    ,#ab9004,"(171, 144, 4)","(60, -2, 64)"
27,baby poop    ,#937c00,"(147, 124, 0)","(52, -2, 58)"
28,baby poop green   ,#8f9805,"(143, 152, 5)","(60, -19, 63)"
29,baby puke green   ,#b6c406,"(182, 196, 6)","(76, -24, 76)"
30,baby purple    ,#ca9bf7,"(202, 155, 247)","(71, 34, -39)"
31,baby shit brown   ,#ad900d,"(173, 144, 13)","(61, -1, 63)"
32,baby shit green   ,#889717,"(136, 151, 23)","(59, -21, 58)"
33,banana     ,#ffff7e,"(255, 255, 126)","(98, -17, 61)"
34,banana yellow    ,#fafe4b,"(250, 254, 75)","(97, -22, 80)"
35,barbie pink    ,#fe46a5,"(254, 70, 165)","(60, 76, -10)"
36,barf green    ,#94ac02,"(148, 172, 2)","(66, -26, 68)"
37,barney     ,#ac1db8,"(172, 29, 184)","(43, 71, -49)"
38,barney purple    ,#a00498,"(160, 4, 152)","(38, 68, -39)"
39,battleship grey    ,#6b7c85,"(107, 124, 133)","(51, -4, -7)"
40,beige     ,#e6daa6,"(230, 218, 166)","(87, -4, 27)"
41,berry     ,#990f4b,"(153, 15, 75)","(33, 56, 4)"
42,bile     ,#b5c306,"(181, 195, 6)","(75, -23, 75)"
43,black     ,#000000,"(0, 0, 0)","(0, 0, 0)"
44,bland     ,#afa88b,"(175, 168, 139)","(69, -2, 16)"
45,blood     ,#770001,"(119, 0, 1)","(23, 45, 35)"
46,blood orange    ,#fe4b03,"(254, 75, 3)","(58, 66, 69)"
47,blood red    ,#980002,"(152, 0, 2)","(31, 54, 44)"
48,blue     ,#0343df,"(3, 67, 223)","(37, 45, -82)"
49,blue blue    ,#2242c7,"(34, 66, 199)","(35, 38, -72)"
50,blue green    ,#137e6d,"(19, 126, 109)","(47, -33, 1)"
51,blue grey    ,#607c8e,"(96, 124, 142)","(50, -5, -13)"
52,blue purple    ,#5729ce,"(87, 41, 206)","(34, 59, -77)"
53,blue violet    ,#5d06e9,"(93, 6, 233)","(35, 75, -91)"
54,blue with a hint of purple,#533cc6,"(83, 60, 198)","(36, 47, -69)"
55,blue/green     ,#0f9b8e,"(15, 155, 142)","(58, -36, -3)"
56,blue/grey     ,#758da3,"(117, 141, 163)","(57, -3, -14)"
57,blue/purple     ,#5a06ef,"(90, 6, 239)","(35, 76, -94)"
58,blueberry     ,#464196,"(70, 65, 150)","(32, 27, -46)"
59,bluegreen     ,#017a79,"(1, 122, 121)","(46, -28, -8)"
60,bluegrey     ,#85a3b2,"(133, 163, 178)","(65, -7, -11)"
61,bluey green    ,#2bb179,"(43, 177, 121)","(64, -48, 19)"
62,bluey grey    ,#89a0b0,"(137, 160, 176)","(65, -4, -11)"
63,bluey purple    ,#6241c7,"(98, 65, 199)","(39, 47, -65)"
64,bluish     ,#2976bb,"(41, 118, 187)","(48, 1, -43)"
65,bluish green    ,#10a674,"(16, 166, 116)","(60, -48, 16)"
66,bluish grey    ,#748b97,"(116, 139, 151)","(56, -6, -9)"
67,bluish purple    ,#703be7,"(112, 59, 231)","(42, 61, -78)"
68,blurple     ,#5539cc,"(85, 57, 204)","(36, 51, -72)"
69,blush     ,#f29e8e,"(242, 158, 142)","(73, 29, 21)"
70,blush pink    ,#fe828c,"(254, 130, 140)","(69, 48, 17)"
71,booger     ,#9bb53c,"(155, 181, 60)","(70, -26, 56)"
72,booger green    ,#96b403,"(150, 180, 3)","(69, -29, 70)"
73,bordeaux     ,#7b002c,"(123, 0, 44)","(25, 48, 12)"
74,boring green    ,#63b365,"(99, 179, 101)","(66, -41, 32)"
75,bottle green    ,#044a05,"(4, 74, 5)","(26, -34, 32)"
76,brick     ,#a03623,"(160, 54, 35)","(38, 43, 35)"
77,brick orange    ,#c14a09,"(193, 74, 9)","(47, 45, 55)"
78,brick red    ,#8f1402,"(143, 20, 2)","(30, 48, 43)"
79,bright aqua    ,#0bf9ea,"(11, 249, 234)","(89, -51, -7)"
80,bright blue    ,#0165fc,"(1, 101, 252)","(47, 35, -81)"
81,bright cyan    ,#41fdfe,"(65, 253, 254)","(91, -44, -14)"
82,bright green    ,#01ff07,"(1, 255, 7)","(88, -86, 83)"
83,bright lavender    ,#c760ff,"(199, 96, 255)","(60, 66, -63)"
84,bright light blue   ,#26f7fd,"(38, 247, 253)","(89, -44, -16)"
85,bright light green   ,#2dfe54,"(45, 254, 84)","(88, -80, 65)"
86,bright lilac    ,#c95efb,"(201, 94, 251)","(59, 66, -61)"
87,bright lime    ,#87fd05,"(135, 253, 5)","(89, -65, 85)"
88,bright lime green   ,#65fe08,"(101, 254, 8)","(89, -74, 84)"
89,bright magenta    ,#ff08e8,"(255, 8, 232)","(59, 95, -50)"
90,bright olive    ,#9cbb04,"(156, 187, 4)","(71, -30, 72)"
91,bright orange    ,#ff5b00,"(255, 91, 0)","(61, 60, 70)"
92,bright pink    ,#fe01b1,"(254, 1, 177)","(56, 89, -23)"
93,bright purple    ,#be03fd,"(190, 3, 253)","(50, 89, -77)"
94,bright red    ,#ff000d,"(255, 0, 13)","(53, 80, 64)"
95,bright sea green   ,#05ffa6,"(5, 255, 166)","(89, -70, 29)"
96,bright sky blue   ,#02ccfe,"(2, 204, 254)","(76, -24, -36)"
97,bright teal    ,#01f9c6,"(1, 249, 198)","(88, -61, 11)"
98,bright turquoise    ,#0ffef9,"(15, 254, 249)","(91, -49, -11)"
99,bright violet    ,#ad0afd,"(173, 10, 253)","(47, 86, -81)"
100,bright yellow    ,#fffd01,"(255, 253, 1)","(96, -20, 94)"
101,bright yellow green   ,#9dff00,"(157, 255, 0)","(91, -59, 87)"
102,british racing green   ,#05480d,"(5, 72, 13)","(26, -33, 28)"
103,bronze     ,#a87900,"(168, 121, 0)","(54, 10, 60)"
104,brown     ,#653700,"(101, 55, 0)","(28, 17, 38)"
105,brown green    ,#706c11,"(112, 108, 17)","(44, -9, 46)"
106,brown grey    ,#8d8468,"(141, 132, 104)","(55, -1, 17)"
107,brown orange    ,#b96902,"(185, 105, 2)","(52, 26, 60)"
108,brown red    ,#922b05,"(146, 43, 5)","(34, 42, 44)"
109,brown yellow    ,#b29705,"(178, 151, 5)","(63, -2, 66)"
110,brownish     ,#9c6d57,"(156, 109, 87)","(50, 16, 20)"
111,brownish green    ,#6a6e09,"(106, 110, 9)","(44, -13, 48)"
112,brownish grey    ,#86775f,"(134, 119, 95)","(51, 2, 15)"
113,brownish orange    ,#cb7723,"(203, 119, 35)","(58, 27, 56)"
114,brownish pink    ,#c27e79,"(194, 126, 121)","(60, 26, 14)"
115,brownish purple    ,#76424e,"(118, 66, 78)","(34, 24, 3)"
116,brownish red    ,#9e3623,"(158, 54, 35)","(38, 42, 35)"
117,brownish yellow    ,#c9b003,"(201, 176, 3)","(72, -5, 74)"
118,browny green    ,#6f6c0a,"(111, 108, 10)","(44, -10, 48)"
119,browny orange    ,#ca6b02,"(202, 107, 2)","(55, 32, 63)"
120,bruise     ,#7e4071,"(126, 64, 113)","(36, 34, -16)"
121,bubble gum pink   ,#ff69af,"(255, 105, 175)","(65, 64, -8)"
122,bubblegum     ,#ff6cb5,"(255, 108, 181)","(66, 63, -10)"
123,bubblegum pink    ,#fe83cc,"(254, 131, 204)","(71, 55, -16)"
124,buff     ,#fef69e,"(254, 246, 158)","(96, -9, 43)"
125,burgundy     ,#610023,"(97, 0, 35)","(19, 41, 8)"
126,burnt orange    ,#c04e01,"(192, 78, 1)","(48, 43, 58)"
127,burnt red    ,#9f2305,"(159, 35, 5)","(35, 49, 46)"
128,burnt siena    ,#b75203,"(183, 82, 3)","(47, 38, 56)"
129,burnt sienna    ,#b04e0f,"(176, 78, 15)","(45, 37, 51)"
130,burnt umber    ,#a0450e,"(160, 69, 14)","(41, 35, 47)"
131,burnt yellow    ,#d5ab09,"(213, 171, 9)","(72, 3, 73)"
132,burple     ,#6832e3,"(104, 50, 227)","(39, 63, -80)"
133,butter     ,#ffff81,"(255, 255, 129)","(98, -16, 60)"
134,butter yellow    ,#fffd74,"(255, 253, 116)","(97, -16, 65)"
135,butterscotch     ,#fdb147,"(253, 177, 71)","(78, 18, 63)"
136,cadet blue    ,#4e7496,"(78, 116, 150)","(47, -3, -23)"
137,camel     ,#c69f59,"(198, 159, 89)","(68, 6, 42)"
138,camo     ,#7f8f4e,"(127, 143, 78)","(57, -17, 33)"
139,camo green    ,#526525,"(82, 101, 37)","(40, -18, 33)"
140,camouflage green    ,#4b6113,"(75, 97, 19)","(38, -20, 39)"
141,canary     ,#fdff63,"(253, 255, 99)","(97, -20, 72)"
142,canary yellow    ,#fffe40,"(255, 254, 64)","(97, -20, 84)"
143,candy pink    ,#ff63e9,"(255, 99, 233)","(67, 74, -39)"
144,caramel     ,#af6f09,"(175, 111, 9)","(52, 19, 58)"
145,carmine     ,#9d0216,"(157, 2, 22)","(32, 56, 36)"
146,carnation     ,#fd798f,"(253, 121, 143)","(67, 52, 12)"
147,carnation pink    ,#ff7fa7,"(255, 127, 167)","(69, 53, 2)"
148,carolina blue    ,#8ab8fe,"(138, 184, 254)","(74, 3, -39)"
149,celadon     ,#befdb7,"(190, 253, 183)","(94, -32, 27)"
150,celery     ,#c1fd95,"(193, 253, 149)","(93, -36, 44)"
151,cement     ,#a5a391,"(165, 163, 145)","(67, -2, 10)"
152,cerise     ,#de0c62,"(222, 12, 98)","(48, 74, 12)"
153,cerulean     ,#0485d1,"(4, 133, 209)","(53, -2, -47)"
154,cerulean blue    ,#056eee,"(5, 110, 238)","(49, 24, -71)"
155,charcoal     ,#343837,"(52, 56, 55)","(23, -2, 0)"
156,charcoal grey    ,#3c4142,"(60, 65, 66)","(27, -2, -1)"
157,chartreuse     ,#c1f80a,"(193, 248, 10)","(91, -43, 87)"
158,cherry     ,#cf0234,"(207, 2, 52)","(44, 69, 34)"
159,cherry red    ,#f7022a,"(247, 2, 42)","(52, 78, 50)"
160,chestnut     ,#742802,"(116, 40, 2)","(27, 32, 38)"
161,chocolate     ,#3d1c02,"(61, 28, 2)","(15, 14, 21)"
162,chocolate brown    ,#411900,"(65, 25, 0)","(14, 18, 22)"
163,cinnamon     ,#ac4f06,"(172, 79, 6)","(45, 35, 53)"
164,claret     ,#680018,"(104, 0, 24)","(20, 42, 18)"
165,clay     ,#b66a50,"(182, 106, 80)","(53, 28, 28)"
166,clay brown    ,#b2713d,"(178, 113, 61)","(53, 21, 39)"
167,clear blue    ,#247afd,"(36, 122, 253)","(53, 23, -72)"
168,cloudy blue    ,#acc2d9,"(172, 194, 217)","(77, -3, -14)"
169,cobalt     ,#1e488f,"(30, 72, 143)","(31, 13, -44)"
170,cobalt blue    ,#030aa7,"(3, 10, 167)","(20, 55, -77)"
171,cocoa     ,#875f42,"(135, 95, 66)","(44, 13, 23)"
172,coffee     ,#a6814c,"(166, 129, 76)","(56, 8, 34)"
173,cool blue    ,#4984b8,"(73, 132, 184)","(53, -3, -33)"
174,cool green    ,#33b864,"(51, 184, 100)","(66, -54, 33)"
175,cool grey    ,#95a3a6,"(149, 163, 166)","(66, -4, -3)"
176,copper     ,#b66325,"(182, 99, 37)","(51, 29, 48)"
177,coral     ,#fc5a50,"(252, 90, 80)","(60, 61, 39)"
178,coral pink    ,#ff6163,"(255, 97, 99)","(62, 60, 31)"
179,cornflower     ,#6a79f7,"(106, 121, 247)","(55, 30, -65)"
180,cornflower blue    ,#5170d7,"(81, 112, 215)","(50, 21, -56)"
181,cranberry     ,#9e003a,"(158, 0, 58)","(33, 58, 15)"
182,cream     ,#ffffc2,"(255, 255, 194)","(99, -9, 29)"
183,creme     ,#ffffb6,"(255, 255, 182)","(98, -11, 35)"
184,crimson     ,#8c000f,"(140, 0, 15)","(28, 52, 35)"
185,custard     ,#fffd78,"(255, 253, 120)","(97, -16, 63)"
186,cyan     ,#00ffff,"(0, 255, 255)","(91, -48, -14)"
187,dandelion     ,#fedf08,"(254, 223, 8)","(89, -6, 88)"
188,dark     ,#1b2431,"(27, 36, 49)","(14, 0, -10)"
189,dark aqua    ,#05696b,"(5, 105, 107)","(40, -24, -8)"
190,dark aquamarine    ,#017371,"(1, 115, 113)","(43, -27, -7)"
191,dark beige    ,#ac9362,"(172, 147, 98)","(62, 2, 30)"
192,dark blue    ,#00035b,"(0, 3, 91)","(7, 35, -50)"
193,dark blue green   ,#005249,"(0, 82, 73)","(31, -24, -1)"
194,dark blue grey   ,#1f3b4d,"(31, 59, 77)","(23, -4, -14)"
195,dark brown    ,#341c02,"(52, 28, 2)","(13, 9, 19)"
196,dark coral    ,#cf524e,"(207, 82, 78)","(52, 49, 28)"
197,dark cream    ,#fff39a,"(255, 243, 154)","(95, -8, 44)"
198,dark cyan    ,#0a888a,"(10, 136, 138)","(51, -29, -10)"
199,dark forest green   ,#002d04,"(0, 45, 4)","(15, -25, 19)"
200,dark fuchsia    ,#9d0759,"(157, 7, 89)","(34, 59, -4)"
201,dark gold    ,#b59410,"(181, 148, 16)","(63, 1, 64)"
202,dark grass green   ,#388004,"(56, 128, 4)","(47, -42, 50)"
203,dark green    ,#033500,"(3, 53, 0)","(18, -28, 25)"
204,dark green blue   ,#1f6357,"(31, 99, 87)","(38, -24, 1)"
205,dark grey    ,#363737,"(54, 55, 55)","(23, 0, 0)"
206,dark grey blue   ,#29465b,"(41, 70, 91)","(28, -4, -16)"
207,dark hot pink   ,#d90166,"(217, 1, 102)","(47, 74, 7)"
208,dark indigo    ,#1f0954,"(31, 9, 84)","(10, 32, -40)"
209,dark khaki    ,#9b8f55,"(155, 143, 85)","(59, -4, 33)"
210,dark lavender    ,#856798,"(133, 103, 152)","(48, 22, -22)"
211,dark lilac    ,#9c6da5,"(156, 109, 165)","(53, 29, -23)"
212,dark lime    ,#84b701,"(132, 183, 1)","(69, -38, 69)"
213,dark lime green   ,#7ebd01,"(126, 189, 1)","(70, -43, 70)"
214,dark magenta    ,#960056,"(150, 0, 86)","(32, 58, -5)"
215,dark maroon    ,#3c0008,"(60, 0, 8)","(9, 29, 11)"
216,dark mauve    ,#874c62,"(135, 76, 98)","(40, 28, -2)"
217,dark mint    ,#48c072,"(72, 192, 114)","(70, -51, 30)"
218,dark mint green   ,#20c073,"(32, 192, 115)","(69, -57, 28)"
219,dark mustard    ,#a88905,"(168, 137, 5)","(58, 1, 62)"
220,dark navy    ,#000435,"(0, 4, 53)","(3, 15, -30)"
221,dark navy blue   ,#00022e,"(0, 2, 46)","(2, 12, -26)"
222,dark olive    ,#373e02,"(55, 62, 2)","(24, -11, 32)"
223,dark olive green   ,#3c4d03,"(60, 77, 3)","(30, -17, 37)"
224,dark orange    ,#c65102,"(198, 81, 2)","(49, 44, 59)"
225,dark pastel green   ,#56ae57,"(86, 174, 87)","(64, -45, 37)"
226,dark peach    ,#de7e5d,"(222, 126, 93)","(63, 34, 34)"
227,dark periwinkle    ,#665fd1,"(102, 95, 209)","(46, 33, -58)"
228,dark pink    ,#cb416b,"(203, 65, 107)","(49, 57, 7)"
229,dark plum    ,#3f012c,"(63, 1, 44)","(11, 33, -10)"
230,dark purple    ,#35063e,"(53, 6, 62)","(11, 31, -24)"
231,dark red    ,#840000,"(132, 0, 0)","(26, 49, 39)"
232,dark rose    ,#b5485d,"(181, 72, 93)","(46, 46, 11)"
233,dark royal blue   ,#02066f,"(2, 6, 111)","(11, 40, -57)"
234,dark sage    ,#598556,"(89, 133, 86)","(51, -25, 21)"
235,dark salmon    ,#c85a53,"(200, 90, 83)","(52, 43, 26)"
236,dark sand    ,#a88f59,"(168, 143, 89)","(60, 2, 32)"
237,dark sea green   ,#11875d,"(17, 135, 93)","(50, -41, 14)"
238,dark seafoam    ,#1fb57a,"(31, 181, 122)","(65, -51, 20)"
239,dark seafoam green   ,#3eaf76,"(62, 175, 118)","(64, -45, 20)"
240,dark sky blue   ,#448ee4,"(68, 142, 228)","(58, 5, -50)"
241,dark slate blue   ,#214761,"(33, 71, 97)","(29, -4, -19)"
242,dark tan    ,#af884a,"(175, 136, 74)","(59, 7, 39)"
243,dark taupe    ,#7f684e,"(127, 104, 78)","(45, 5, 18)"
244,dark teal    ,#014d4e,"(1, 77, 78)","(29, -20, -6)"
245,dark turquoise    ,#045c5a,"(4, 92, 90)","(35, -23, -5)"
246,dark violet    ,#34013f,"(52, 1, 63)","(10, 34, -26)"
247,dark yellow    ,#d5b60a,"(213, 182, 10)","(75, -3, 75)"
248,dark yellow green   ,#728f02,"(114, 143, 2)","(55, -27, 58)"
249,darkblue     ,#030764,"(3, 7, 100)","(10, 36, -52)"
250,darkgreen     ,#054907,"(5, 73, 7)","(26, -33, 31)"
251,darkish blue    ,#014182,"(1, 65, 130)","(28, 10, -42)"
252,darkish green    ,#287c37,"(40, 124, 55)","(46, -40, 30)"
253,darkish pink    ,#da467d,"(218, 70, 125)","(53, 62, 2)"
254,darkish purple    ,#751973,"(117, 25, 115)","(29, 49, -30)"
255,darkish red    ,#a90308,"(169, 3, 8)","(35, 59, 46)"
256,deep aqua    ,#08787f,"(8, 120, 127)","(46, -24, -12)"
257,deep blue    ,#040273,"(4, 2, 115)","(11, 43, -59)"
258,deep brown    ,#410200,"(65, 2, 0)","(10, 29, 16)"
259,deep green    ,#02590f,"(2, 89, 15)","(32, -39, 34)"
260,deep lavender    ,#8d5eb7,"(141, 94, 183)","(48, 37, -40)"
261,deep lilac    ,#966ebd,"(150, 110, 189)","(53, 32, -36)"
262,deep magenta    ,#a0025c,"(160, 2, 92)","(35, 61, -5)"
263,deep orange    ,#dc4d01,"(220, 77, 1)","(52, 53, 63)"
264,deep pink    ,#cb0162,"(203, 1, 98)","(44, 71, 5)"
265,deep purple    ,#36013f,"(54, 1, 63)","(10, 34, -25)"
266,deep red    ,#9a0200,"(154, 2, 0)","(32, 55, 45)"
267,deep rose    ,#c74767,"(199, 71, 103)","(49, 53, 10)"
268,deep sea blue   ,#015482,"(1, 84, 130)","(34, -3, -32)"
269,deep sky blue   ,#0d75f8,"(13, 117, 248)","(51, 23, -72)"
270,deep teal    ,#00555a,"(0, 85, 90)","(32, -20, -9)"
271,deep turquoise    ,#017374,"(1, 115, 116)","(43, -26, -8)"
272,deep violet    ,#490648,"(73, 6, 72)","(15, 38, -23)"
273,denim     ,#3b638c,"(59, 99, 140)","(41, -1, -27)"
274,denim blue    ,#3b5b92,"(59, 91, 146)","(39, 6, -34)"
275,desert     ,#ccad60,"(204, 173, 96)","(72, 2, 43)"
276,diarrhea     ,#9f8303,"(159, 131, 3)","(56, 0, 60)"
277,dirt     ,#8a6e45,"(138, 110, 69)","(48, 6, 27)"
278,dirt brown    ,#836539,"(131, 101, 57)","(45, 7, 29)"
279,dirty blue    ,#3f829d,"(63, 130, 157)","(51, -13, -21)"
280,dirty green    ,#667e2c,"(102, 126, 44)","(49, -22, 41)"
281,dirty orange    ,#c87606,"(200, 118, 6)","(57, 26, 63)"
282,dirty pink    ,#ca7b80,"(202, 123, 128)","(60, 31, 10)"
283,dirty purple    ,#734a65,"(115, 74, 101)","(37, 22, -8)"
284,dirty yellow    ,#cdc50a,"(205, 197, 10)","(78, -14, 77)"
285,dodger blue    ,#3e82fc,"(62, 130, 252)","(56, 20, -67)"
286,drab     ,#828344,"(130, 131, 68)","(53, -10, 34)"
287,drab green    ,#749551,"(116, 149, 81)","(58, -24, 32)"
288,dried blood    ,#4b0101,"(75, 1, 1)","(13, 33, 19)"
289,duck egg blue   ,#c3fbf4,"(195, 251, 244)","(95, -19, -2)"
290,dull blue    ,#49759c,"(73, 117, 156)","(48, -3, -26)"
291,dull brown    ,#876e4b,"(135, 110, 75)","(48, 5, 23)"
292,dull green    ,#74a662,"(116, 166, 98)","(63, -30, 30)"
293,dull orange    ,#d8863b,"(216, 134, 59)","(63, 25, 52)"
294,dull pink    ,#d5869d,"(213, 134, 157)","(65, 33, 1)"
295,dull purple    ,#84597e,"(132, 89, 126)","(44, 24, -14)"
296,dull red    ,#bb3f3f,"(187, 63, 63)","(45, 50, 28)"
297,dull teal    ,#5f9e8f,"(95, 158, 143)","(61, -24, 1)"
298,dull yellow    ,#eedc5b,"(238, 220, 91)","(87, -9, 64)"
299,dusk     ,#4e5481,"(78, 84, 129)","(37, 10, -26)"
300,dusk blue    ,#26538d,"(38, 83, 141)","(35, 6, -37)"
301,dusky blue    ,#475f94,"(71, 95, 148)","(41, 7, -32)"
302,dusky pink    ,#cc7a8b,"(204, 122, 139)","(60, 34, 4)"
303,dusky purple    ,#895b7b,"(137, 91, 123)","(44, 24, -10)"
304,dusky rose    ,#ba6873,"(186, 104, 115)","(53, 34, 8)"
305,dust     ,#b2996e,"(178, 153, 110)","(64, 3, 26)"
306,dusty blue    ,#5a86ad,"(90, 134, 173)","(54, -4, -25)"
307,dusty green    ,#76a973,"(118, 169, 115)","(64, -28, 23)"
308,dusty lavender    ,#ac86a8,"(172, 134, 168)","(60, 20, -12)"
309,dusty orange    ,#f0833a,"(240, 131, 58)","(66, 36, 56)"
310,dusty pink    ,#d58a94,"(213, 138, 148)","(65, 30, 7)"
311,dusty purple    ,#825f87,"(130, 95, 135)","(45, 22, -17)"
312,dusty red    ,#b9484e,"(185, 72, 78)","(46, 46, 21)"
313,dusty rose    ,#c0737a,"(192, 115, 122)","(57, 31, 9)"
314,dusty teal    ,#4c9085,"(76, 144, 133)","(55, -24, -1)"
315,earth     ,#a2653e,"(162, 101, 62)","(49, 21, 32)"
316,easter green    ,#8cfd7e,"(140, 253, 126)","(90, -56, 50)"
317,easter purple    ,#c071fe,"(192, 113, 254)","(62, 56, -59)"
318,ecru     ,#feffca,"(254, 255, 202)","(99, -9, 25)"
319,egg shell    ,#fffcc4,"(255, 252, 196)","(98, -7, 27)"
320,eggplant     ,#380835,"(56, 8, 53)","(11, 29, -17)"
321,eggplant purple    ,#430541,"(67, 5, 65)","(14, 35, -21)"
322,eggshell     ,#ffffd4,"(255, 255, 212)","(99, -7, 21)"
323,eggshell blue    ,#c4fff7,"(196, 255, 247)","(96, -20, -2)"
324,electric blue    ,#0652ff,"(6, 82, 255)","(43, 48, -90)"
325,electric green    ,#21fc0d,"(33, 252, 13)","(87, -84, 81)"
326,electric lime    ,#a8ff04,"(168, 255, 4)","(92, -55, 88)"
327,electric pink    ,#ff0490,"(255, 4, 144)","(55, 86, -5)"
328,electric purple    ,#aa23ff,"(170, 35, 255)","(48, 82, -81)"
329,emerald     ,#01a049,"(1, 160, 73)","(58, -55, 35)"
330,emerald green    ,#028f1e,"(2, 143, 30)","(52, -54, 47)"
331,evergreen     ,#05472a,"(5, 71, 42)","(26, -27, 12)"
332,faded blue    ,#658cbb,"(101, 140, 187)","(57, -1, -29)"
333,faded green    ,#7bb274,"(123, 178, 116)","(67, -30, 26)"
334,faded orange    ,#f0944d,"(240, 148, 77)","(70, 28, 51)"
335,faded pink    ,#de9dac,"(222, 157, 172)","(71, 26, 2)"
336,faded purple    ,#916e99,"(145, 110, 153)","(51, 22, -18)"
337,faded red    ,#d3494e,"(211, 73, 78)","(51, 54, 27)"
338,faded yellow    ,#feff7f,"(254, 255, 127)","(98, -17, 60)"
339,fawn     ,#cfaf7b,"(207, 175, 123)","(73, 4, 31)"
340,fern     ,#63a950,"(99, 169, 80)","(63, -39, 39)"
341,fern green    ,#548d44,"(84, 141, 68)","(53, -33, 33)"
342,fire engine red   ,#fe0002,"(254, 0, 2)","(53, 80, 67)"
343,flat blue    ,#3c73a8,"(60, 115, 168)","(47, -1, -34)"
344,flat green    ,#699d4c,"(105, 157, 76)","(60, -32, 37)"
345,fluorescent green    ,#08ff08,"(8, 255, 8)","(88, -86, 83)"
346,fluro green    ,#0aff02,"(10, 255, 2)","(88, -86, 83)"
347,foam green    ,#90fda9,"(144, 253, 169)","(91, -49, 31)"
348,forest     ,#0b5509,"(11, 85, 9)","(31, -36, 34)"
349,forest green    ,#06470c,"(6, 71, 12)","(25, -32, 28)"
350,forrest green    ,#154406,"(21, 68, 6)","(25, -28, 30)"
351,french blue    ,#436bad,"(67, 107, 173)","(45, 7, -40)"
352,fresh green    ,#69d84f,"(105, 216, 79)","(78, -57, 56)"
353,frog green    ,#58bc08,"(88, 188, 8)","(68, -55, 67)"
354,fuchsia     ,#ed0dd9,"(237, 13, 217)","(55, 89, -48)"
355,gold     ,#dbb40c,"(219, 180, 12)","(75, 1, 75)"
356,golden     ,#f5bf03,"(245, 191, 3)","(80, 6, 81)"
357,golden brown    ,#b27a01,"(178, 122, 1)","(55, 14, 61)"
358,golden rod    ,#f9bc08,"(249, 188, 8)","(80, 9, 81)"
359,golden yellow    ,#fec615,"(254, 198, 21)","(83, 7, 82)"
360,goldenrod     ,#fac205,"(250, 194, 5)","(81, 7, 82)"
361,grape     ,#6c3461,"(108, 52, 97)","(31, 31, -16)"
362,grape purple    ,#5d1451,"(93, 20, 81)","(22, 39, -19)"
363,grapefruit     ,#fd5956,"(253, 89, 86)","(60, 62, 36)"
364,grass     ,#5cac2d,"(92, 172, 45)","(63, -46, 54)"
365,grass green    ,#3f9b0b,"(63, 155, 11)","(57, -50, 57)"
366,grassy green    ,#419c03,"(65, 156, 3)","(57, -50, 58)"
367,green     ,#15b01a,"(21, 176, 26)","(63, -63, 59)"
368,green apple    ,#5edc1f,"(94, 220, 31)","(78, -64, 72)"
369,green blue    ,#06b48b,"(6, 180, 139)","(65, -48, 10)"
370,green brown    ,#544e03,"(84, 78, 3)","(32, -6, 40)"
371,green grey    ,#77926f,"(119, 146, 111)","(58, -17, 16)"
372,green teal    ,#0cb577,"(12, 181, 119)","(65, -53, 21)"
373,green yellow    ,#c9ff27,"(201, 255, 39)","(93, -43, 86)"
374,green/blue     ,#01c08d,"(1, 192, 141)","(69, -53, 14)"
375,green/yellow     ,#b5ce08,"(181, 206, 8)","(78, -29, 77)"
376,greenblue     ,#23c48b,"(35, 196, 139)","(71, -53, 18)"
377,greenish     ,#40a368,"(64, 163, 104)","(60, -43, 22)"
378,greenish beige    ,#c9d179,"(201, 209, 121)","(81, -16, 43)"
379,greenish blue    ,#0b8b87,"(11, 139, 135)","(52, -31, -7)"
380,greenish brown    ,#696112,"(105, 97, 18)","(40, -6, 42)"
381,greenish cyan    ,#2afeb7,"(42, 254, 183)","(89, -64, 21)"
382,greenish grey    ,#96ae8d,"(150, 174, 141)","(68, -15, 14)"
383,greenish tan    ,#bccb7a,"(188, 203, 122)","(79, -18, 39)"
384,greenish teal    ,#32bf84,"(50, 191, 132)","(69, -51, 19)"
385,greenish turquoise    ,#00fbb0,"(0, 251, 176)","(88, -66, 22)"
386,greenish yellow    ,#cdfd02,"(205, 253, 2)","(93, -41, 90)"
387,greeny blue    ,#42b395,"(66, 179, 149)","(66, -39, 6)"
388,greeny brown    ,#696006,"(105, 96, 6)","(40, -6, 45)"
389,greeny grey    ,#7ea07a,"(126, 160, 122)","(62, -19, 16)"
390,greeny yellow    ,#c6f808,"(198, 248, 8)","(91, -41, 88)"
391,grey     ,#929591,"(146, 149, 145)","(61, -2, 2)"
392,grey blue    ,#6b8ba4,"(107, 139, 164)","(56, -5, -17)"
393,grey brown    ,#7f7053,"(127, 112, 83)","(48, 1, 18)"
394,grey green    ,#789b73,"(120, 155, 115)","(60, -20, 17)"
395,grey pink    ,#c3909b,"(195, 144, 155)","(65, 21, 2)"
396,grey purple    ,#826d8c,"(130, 109, 140)","(49, 15, -14)"
397,grey teal    ,#5e9b8a,"(94, 155, 138)","(60, -24, 3)"
398,grey/blue     ,#647d8e,"(100, 125, 142)","(51, -5, -12)"
399,grey/green     ,#86a17d,"(134, 161, 125)","(63, -16, 16)"
400,greyblue     ,#77a1b5,"(119, 161, 181)","(64, -9, -15)"
401,greyish     ,#a8a495,"(168, 164, 149)","(67, -1, 8)"
402,greyish blue    ,#5e819d,"(94, 129, 157)","(52, -5, -19)"
403,greyish brown    ,#7a6a4f,"(122, 106, 79)","(45, 2, 17)"
404,greyish green    ,#82a67d,"(130, 166, 125)","(65, -20, 18)"
405,greyish pink    ,#c88d94,"(200, 141, 148)","(65, 23, 5)"
406,greyish purple    ,#887191,"(136, 113, 145)","(51, 15, -14)"
407,greyish teal    ,#719f91,"(113, 159, 145)","(62, -19, 2)"
408,gross green    ,#a0bf16,"(160, 191, 22)","(73, -30, 70)"
409,gunmetal     ,#536267,"(83, 98, 103)","(40, -4, -5)"
410,hazel     ,#8e7618,"(142, 118, 24)","(50, 0, 51)"
411,heather     ,#a484ac,"(164, 132, 172)","(59, 19, -16)"
412,heliotrope     ,#d94ff5,"(217, 79, 245)","(59, 75, -58)"
413,highlighter green    ,#1bfc06,"(27, 252, 6)","(87, -84, 82)"
414,hospital green    ,#9be5aa,"(155, 229, 170)","(85, -35, 22)"
415,hot green    ,#25ff29,"(37, 255, 41)","(88, -83, 78)"
416,hot magenta    ,#f504c9,"(245, 4, 201)","(56, 89, -38)"
417,hot pink    ,#ff028d,"(255, 2, 141)","(55, 85, -3)"
418,hot purple    ,#cb00f5,"(203, 0, 245)","(51, 89, -71)"
419,hunter green    ,#0b4008,"(11, 64, 8)","(23, -29, 27)"
420,ice     ,#d6fffa,"(214, 255, 250)","(97, -14, -2)"
421,ice blue    ,#d7fffe,"(215, 255, 254)","(97, -13, -4)"
422,icky green    ,#8fae22,"(143, 174, 34)","(67, -29, 62)"
423,indian red    ,#850e04,"(133, 14, 4)","(28, 47, 39)"
424,indigo     ,#380282,"(56, 2, 130)","(18, 49, -58)"
425,indigo blue    ,#3a18b1,"(58, 24, 177)","(26, 55, -73)"
426,iris     ,#6258c4,"(98, 88, 196)","(43, 33, -55)"
427,irish green    ,#019529,"(1, 149, 41)","(54, -55, 45)"
428,ivory     ,#ffffcb,"(255, 255, 203)","(99, -8, 25)"
429,jade     ,#1fa774,"(31, 167, 116)","(61, -47, 17)"
430,jade green    ,#2baf6a,"(43, 175, 106)","(63, -51, 26)"
431,jungle green    ,#048243,"(4, 130, 67)","(47, -45, 26)"
432,kelley green    ,#009337,"(0, 147, 55)","(53, -53, 39)"
433,kelly green    ,#02ab2e,"(2, 171, 46)","(61, -61, 51)"
434,kermit green    ,#5cb200,"(92, 178, 0)","(65, -50, 66)"
435,key lime    ,#aeff6e,"(174, 255, 110)","(92, -48, 61)"
436,khaki     ,#aaa662,"(170, 166, 98)","(67, -9, 36)"
437,khaki green    ,#728639,"(114, 134, 57)","(53, -20, 38)"
438,kiwi     ,#9cef43,"(156, 239, 67)","(86, -51, 71)"
439,kiwi green    ,#8ee53f,"(142, 229, 63)","(83, -52, 68)"
440,lavender     ,#c79fef,"(199, 159, 239)","(72, 30, -34)"
441,lavender blue    ,#8b88f8,"(139, 136, 248)","(62, 29, -56)"
442,lavender pink    ,#dd85d7,"(221, 133, 215)","(67, 46, -28)"
443,lawn green    ,#4da409,"(77, 164, 9)","(60, -49, 60)"
444,leaf     ,#71aa34,"(113, 170, 52)","(64, -38, 52)"
445,leaf green    ,#5ca904,"(92, 169, 4)","(62, -47, 63)"
446,leafy green    ,#51b73b,"(81, 183, 59)","(66, -53, 52)"
447,leather     ,#ac7434,"(172, 116, 52)","(53, 16, 43)"
448,lemon     ,#fdff52,"(253, 255, 82)","(97, -21, 78)"
449,lemon green    ,#adf802,"(173, 248, 2)","(90, -50, 86)"
450,lemon lime    ,#bffe28,"(191, 254, 40)","(93, -46, 84)"
451,lemon yellow    ,#fdff38,"(253, 255, 56)","(97, -22, 86)"
452,lichen     ,#8fb67b,"(143, 182, 123)","(70, -24, 26)"
453,light aqua    ,#8cffdb,"(140, 255, 219)","(93, -41, 7)"
454,light aquamarine    ,#7bfdc7,"(123, 253, 199)","(91, -48, 15)"
455,light beige    ,#fffeb6,"(255, 254, 182)","(98, -10, 35)"
456,light blue    ,#95d0fc,"(149, 208, 252)","(81, -8, -27)"
457,light blue green   ,#7efbb3,"(126, 251, 179)","(90, -51, 24)"
458,light blue grey   ,#b7c9e2,"(183, 201, 226)","(80, -1, -14)"
459,light bluish green   ,#76fda8,"(118, 253, 168)","(90, -55, 30)"
460,light bright green   ,#53fe5c,"(83, 254, 92)","(89, -74, 63)"
461,light brown    ,#ad8150,"(173, 129, 80)","(57, 11, 33)"
462,light burgundy    ,#a8415b,"(168, 65, 91)","(42, 45, 7)"
463,light cyan    ,#acfffc,"(172, 255, 252)","(95, -26, -6)"
464,light eggplant    ,#894585,"(137, 69, 133)","(40, 39, -23)"
465,light forest green   ,#4f9153,"(79, 145, 83)","(55, -35, 27)"
466,light gold    ,#fddc5c,"(253, 220, 92)","(88, -3, 65)"
467,light grass green   ,#9af764,"(154, 247, 100)","(89, -52, 61)"
468,light green    ,#96f97b,"(150, 249, 123)","(90, -52, 51)"
469,light green blue   ,#56fca2,"(86, 252, 162)","(89, -62, 31)"
470,light greenish blue   ,#63f7b4,"(99, 247, 180)","(88, -55, 21)"
471,light grey    ,#d8dcd6,"(216, 220, 214)","(87, -2, 2)"
472,light grey blue   ,#9dbcd4,"(157, 188, 212)","(75, -5, -15)"
473,light grey green   ,#b7e1a1,"(183, 225, 161)","(85, -25, 27)"
474,light indigo    ,#6d5acf,"(109, 90, 207)","(46, 37, -58)"
475,light khaki    ,#e6f2a2,"(230, 242, 162)","(93, -16, 37)"
476,light lavendar    ,#efc0fe,"(239, 192, 254)","(83, 27, -24)"
477,light lavender    ,#dfc5fe,"(223, 197, 254)","(83, 20, -25)"
478,light light blue   ,#cafffb,"(202, 255, 251)","(96, -18, -3)"
479,light light green   ,#c8ffb0,"(200, 255, 176)","(95, -31, 32)"
480,light lilac    ,#edc8ff,"(237, 200, 255)","(85, 23, -22)"
481,light lime    ,#aefd6c,"(174, 253, 108)","(92, -47, 61)"
482,light lime green   ,#b9ff66,"(185, 255, 102)","(93, -45, 65)"
483,light magenta    ,#fa5ff7,"(250, 95, 247)","(66, 76, -48)"
484,light maroon    ,#a24857,"(162, 72, 87)","(43, 39, 10)"
485,light mauve    ,#c292a1,"(194, 146, 161)","(65, 20, -1)"
486,light mint    ,#b6ffbb,"(182, 255, 187)","(94, -36, 26)"
487,light mint green   ,#a6fbb2,"(166, 251, 178)","(92, -40, 27)"
488,light moss green   ,#a6c875,"(166, 200, 117)","(76, -25, 38)"
489,light mustard    ,#f7d560,"(247, 213, 96)","(86, -1, 61)"
490,light navy    ,#155084,"(21, 80, 132)","(33, 2, -34)"
491,light navy blue   ,#2e5a88,"(46, 90, 136)","(37, 0, -30)"
492,light neon green   ,#4efd54,"(78, 253, 84)","(88, -75, 65)"
493,light olive    ,#acbf69,"(172, 191, 105)","(74, -20, 41)"
494,light olive green   ,#a4be5c,"(164, 190, 92)","(73, -24, 46)"
495,light orange    ,#fdaa48,"(253, 170, 72)","(76, 22, 61)"
496,light pastel green   ,#b2fba5,"(178, 251, 165)","(92, -38, 34)"
497,light pea green   ,#c4fe82,"(196, 254, 130)","(94, -38, 53)"
498,light peach    ,#ffd8b1,"(255, 216, 177)","(89, 8, 24)"
499,light periwinkle    ,#c1c6fc,"(193, 198, 252)","(81, 10, -27)"
500,light pink    ,#ffd1df,"(255, 209, 223)","(88, 18, -1)"
501,light plum    ,#9d5783,"(157, 87, 131)","(46, 35, -12)"
502,light purple    ,#bf77f6,"(191, 119, 246)","(62, 51, -53)"
503,light red    ,#ff474c,"(255, 71, 76)","(58, 69, 39)"
504,light rose    ,#ffc5cb,"(255, 197, 203)","(85, 22, 5)"
505,light royal blue   ,#3a2efe,"(58, 46, 254)","(38, 68, -98)"
506,light sage    ,#bcecac,"(188, 236, 172)","(89, -27, 26)"
507,light salmon    ,#fea993,"(254, 169, 147)","(77, 29, 24)"
508,light sea green   ,#98f6b0,"(152, 246, 176)","(90, -42, 25)"
509,light seafoam    ,#a0febf,"(160, 254, 191)","(93, -41, 22)"
510,light seafoam green   ,#a7ffb5,"(167, 255, 181)","(93, -41, 27)"
511,light sky blue   ,#c6fcff,"(198, 252, 255)","(95, -16, -7)"
512,light tan    ,#fbeeac,"(251, 238, 172)","(94, -5, 33)"
513,light teal    ,#90e4c1,"(144, 228, 193)","(85, -33, 9)"
514,light turquoise    ,#7ef4cc,"(126, 244, 204)","(89, -43, 9)"
515,light urple    ,#b36ff6,"(179, 111, 246)","(59, 52, -58)"
516,light violet    ,#d6b4fc,"(214, 180, 252)","(78, 26, -31)"
517,light yellow    ,#fffe7a,"(255, 254, 122)","(97, -17, 62)"
518,light yellow green   ,#ccfd7f,"(204, 253, 127)","(94, -35, 55)"
519,light yellowish green   ,#c2ff89,"(194, 255, 137)","(94, -38, 50)"
520,lightblue     ,#7bc8f6,"(123, 200, 246)","(77, -12, -30)"
521,lighter green    ,#75fd63,"(117, 253, 99)","(89, -65, 61)"
522,lighter purple    ,#a55af4,"(165, 90, 244)","(54, 59, -66)"
523,lightgreen     ,#76ff7b,"(118, 255, 123)","(90, -63, 52)"
524,lightish blue    ,#3d7afd,"(61, 122, 253)","(54, 25, -71)"
525,lightish green    ,#61e160,"(97, 225, 96)","(80, -60, 52)"
526,lightish purple    ,#a552e6,"(165, 82, 230)","(51, 60, -62)"
527,lightish red    ,#fe2f4a,"(254, 47, 74)","(56, 75, 37)"
528,lilac     ,#cea2fd,"(206, 162, 253)","(74, 33, -39)"
529,liliac     ,#c48efd,"(196, 142, 253)","(68, 41, -48)"
530,lime     ,#aaff32,"(170, 255, 50)","(92, -53, 81)"
531,lime green    ,#89fe05,"(137, 254, 5)","(90, -65, 86)"
532,lime yellow    ,#d0fe1d,"(208, 254, 29)","(94, -40, 88)"
533,lipstick     ,#d5174e,"(213, 23, 78)","(46, 69, 21)"
534,lipstick red    ,#c0022f,"(192, 2, 47)","(40, 65, 32)"
535,macaroni and cheese   ,#efb435,"(239, 180, 53)","(77, 10, 68)"
536,magenta     ,#c20078,"(194, 0, 120)","(42, 71, -10)"
537,mahogany     ,#4a0100,"(74, 1, 0)","(12, 32, 19)"
538,maize     ,#f4d054,"(244, 208, 84)","(84, -1, 64)"
539,mango     ,#ffa62b,"(255, 166, 43)","(75, 24, 71)"
540,manilla     ,#fffa86,"(255, 250, 134)","(96, -13, 56)"
541,marigold     ,#fcc006,"(252, 192, 6)","(81, 9, 82)"
542,marine     ,#042e60,"(4, 46, 96)","(19, 8, -33)"
543,marine blue    ,#01386a,"(1, 56, 106)","(23, 5, -34)"
544,maroon     ,#650021,"(101, 0, 33)","(19, 42, 11)"
545,mauve     ,#ae7181,"(174, 113, 129)","(54, 27, 1)"
546,medium blue    ,#2c6fbb,"(44, 111, 187)","(46, 6, -46)"
547,medium brown    ,#7f5112,"(127, 81, 18)","(39, 14, 42)"
548,medium green    ,#39ad48,"(57, 173, 72)","(63, -53, 42)"
549,medium grey    ,#7d7f7c,"(125, 127, 124)","(53, -2, 2)"
550,medium pink    ,#f36196,"(243, 97, 150)","(61, 61, 0)"
551,medium purple    ,#9e43a2,"(158, 67, 162)","(44, 51, -34)"
552,melon     ,#ff7855,"(255, 120, 85)","(66, 49, 44)"
553,merlot     ,#730039,"(115, 0, 57)","(23, 47, 0)"
554,metallic blue    ,#4f738e,"(79, 115, 142)","(47, -5, -19)"
555,mid blue    ,#276ab3,"(39, 106, 179)","(44, 5, -45)"
556,mid green    ,#50a747,"(80, 167, 71)","(61, -45, 41)"
557,midnight     ,#03012d,"(3, 1, 45)","(2, 12, -26)"
558,midnight blue    ,#020035,"(2, 0, 53)","(2, 17, -31)"
559,midnight purple    ,#280137,"(40, 1, 55)","(7, 29, -25)"
560,military green    ,#667c3e,"(102, 124, 62)","(49, -19, 31)"
561,milk chocolate    ,#7f4e1e,"(127, 78, 30)","(38, 16, 36)"
562,mint     ,#9ffeb0,"(159, 254, 176)","(92, -44, 29)"
563,mint green    ,#8fff9f,"(143, 255, 159)","(92, -51, 36)"
564,minty green    ,#0bf77d,"(11, 247, 125)","(86, -74, 45)"
565,mocha     ,#9d7651,"(157, 118, 81)","(53, 11, 26)"
566,moss     ,#769958,"(118, 153, 88)","(59, -24, 30)"
567,moss green    ,#658b38,"(101, 139, 56)","(53, -28, 39)"
568,mossy green    ,#638b27,"(99, 139, 39)","(53, -30, 47)"
569,mud     ,#735c12,"(115, 92, 18)","(40, 2, 42)"
570,mud brown    ,#60460f,"(96, 70, 15)","(31, 5, 35)"
571,mud green    ,#606602,"(96, 102, 2)","(41, -14, 47)"
572,muddy brown    ,#886806,"(136, 104, 6)","(46, 5, 51)"
573,muddy green    ,#657432,"(101, 116, 50)","(46, -16, 34)"
574,muddy yellow    ,#bfac05,"(191, 172, 5)","(70, -8, 72)"
575,mulberry     ,#920a4e,"(146, 10, 78)","(32, 55, -1)"
576,murky green    ,#6c7a0e,"(108, 122, 14)","(48, -19, 50)"
577,mushroom     ,#ba9e88,"(186, 158, 136)","(67, 7, 15)"
578,mustard     ,#ceb301,"(206, 179, 1)","(73, -5, 75)"
579,mustard brown    ,#ac7e04,"(172, 126, 4)","(56, 9, 61)"
580,mustard green    ,#a8b504,"(168, 181, 4)","(70, -22, 71)"
581,mustard yellow    ,#d2bd0a,"(210, 189, 10)","(76, -8, 76)"
582,muted blue    ,#3b719f,"(59, 113, 159)","(46, -3, -30)"
583,muted green    ,#5fa052,"(95, 160, 82)","(60, -37, 34)"
584,muted pink    ,#d1768f,"(209, 118, 143)","(60, 39, 2)"
585,muted purple    ,#805b87,"(128, 91, 135)","(44, 23, -19)"
586,nasty green    ,#70b23f,"(112, 178, 63)","(66, -41, 51)"
587,navy     ,#01153e,"(1, 21, 62)","(8, 11, -28)"
588,navy blue    ,#001146,"(0, 17, 70)","(8, 18, -35)"
589,navy green    ,#35530a,"(53, 83, 10)","(32, -23, 35)"
590,neon blue    ,#04d9ff,"(4, 217, 255)","(80, -30, -31)"
591,neon green    ,#0cff0c,"(12, 255, 12)","(88, -86, 82)"
592,neon pink    ,#fe019a,"(254, 1, 154)","(56, 86, -10)"
593,neon purple    ,#bc13fe,"(188, 19, 254)","(50, 87, -78)"
594,neon red    ,#ff073a,"(255, 7, 58)","(54, 81, 44)"
595,neon yellow    ,#cfff04,"(207, 255, 4)","(94, -41, 90)"
596,nice blue    ,#107ab0,"(16, 122, 176)","(48, -7, -36)"
597,night blue    ,#040348,"(4, 3, 72)","(5, 27, -40)"
598,ocean     ,#017b92,"(1, 123, 146)","(47, -20, -21)"
599,ocean blue    ,#03719c,"(3, 113, 156)","(44, -10, -31)"
600,ocean green    ,#3d9973,"(61, 153, 115)","(57, -37, 12)"
601,ocher     ,#bf9b0c,"(191, 155, 12)","(65, 2, 67)"
602,ochre     ,#bf9005,"(191, 144, 5)","(62, 7, 66)"
603,ocre     ,#c69c04,"(198, 156, 4)","(66, 4, 70)"
604,off blue    ,#5684ae,"(86, 132, 174)","(54, -4, -27)"
605,off green    ,#6ba353,"(107, 163, 83)","(62, -34, 36)"
606,off white    ,#ffffe4,"(255, 255, 228)","(99, -5, 13)"
607,off yellow    ,#f1f33f,"(241, 243, 63)","(93, -20, 80)"
608,old pink    ,#c77986,"(199, 121, 134)","(59, 32, 6)"
609,old rose    ,#c87f89,"(200, 127, 137)","(61, 29, 6)"
610,olive     ,#6e750e,"(110, 117, 14)","(47, -15, 49)"
611,olive brown    ,#645403,"(100, 84, 3)","(36, -1, 43)"
612,olive drab    ,#6f7632,"(111, 118, 50)","(48, -13, 36)"
613,olive green    ,#677a04,"(103, 122, 4)","(48, -21, 52)"
614,olive yellow    ,#c2b709,"(194, 183, 9)","(73, -12, 74)"
615,orange     ,#f97306,"(249, 115, 6)","(64, 47, 71)"
616,orange brown    ,#be6400,"(190, 100, 0)","(52, 31, 60)"
617,orange pink    ,#ff6f52,"(255, 111, 82)","(64, 53, 43)"
618,orange red    ,#fd411e,"(253, 65, 30)","(57, 69, 60)"
619,orange yellow    ,#ffad01,"(255, 173, 1)","(77, 20, 80)"
620,orangeish     ,#fd8d49,"(253, 141, 73)","(70, 37, 54)"
621,orangered     ,#fe420f,"(254, 66, 15)","(57, 69, 65)"
622,orangey brown    ,#b16002,"(177, 96, 2)","(49, 28, 57)"
623,orangey red    ,#fa4224,"(250, 66, 36)","(56, 68, 57)"
624,orangey yellow    ,#fdb915,"(253, 185, 21)","(79, 13, 79)"
625,orangish     ,#fc824a,"(252, 130, 74)","(67, 42, 51)"
626,orangish brown    ,#b25f03,"(178, 95, 3)","(49, 29, 57)"
627,orangish red    ,#f43605,"(244, 54, 5)","(54, 69, 65)"
628,orchid     ,#c875c4,"(200, 117, 196)","(61, 44, -28)"
629,pale     ,#fff9d0,"(255, 249, 208)","(97, -4, 20)"
630,pale aqua    ,#b8ffeb,"(184, 255, 235)","(95, -26, 3)"
631,pale blue    ,#d0fefe,"(208, 254, 254)","(97, -15, -5)"
632,pale brown    ,#b1916e,"(177, 145, 110)","(62, 7, 23)"
633,pale cyan    ,#b7fffa,"(183, 255, 250)","(95, -23, -5)"
634,pale gold    ,#fdde6c,"(253, 222, 108)","(89, -3, 59)"
635,pale green    ,#c7fdb5,"(199, 253, 181)","(94, -30, 29)"
636,pale grey    ,#fdfdfe,"(253, 253, 254)","(99, 0, -1)"
637,pale lavender    ,#eecffe,"(238, 207, 254)","(87, 19, -19)"
638,pale light green   ,#b1fc99,"(177, 252, 153)","(92, -41, 40)"
639,pale lilac    ,#e4cbff,"(228, 203, 255)","(85, 18, -22)"
640,pale lime    ,#befd73,"(190, 253, 115)","(93, -41, 59)"
641,pale lime green   ,#b1ff65,"(177, 255, 101)","(92, -48, 64)"
642,pale magenta    ,#d767ad,"(215, 103, 173)","(59, 52, -17)"
643,pale mauve    ,#fed0fc,"(254, 208, 252)","(88, 23, -15)"
644,pale olive    ,#b9cc81,"(185, 204, 129)","(79, -18, 35)"
645,pale olive green   ,#b1d27b,"(177, 210, 123)","(80, -25, 40)"
646,pale orange    ,#ffa756,"(255, 167, 86)","(76, 25, 54)"
647,pale peach    ,#ffe5ad,"(255, 229, 173)","(92, 1, 31)"
648,pale pink    ,#ffcfdc,"(255, 207, 220)","(87, 19, 0)"
649,pale purple    ,#b790d4,"(183, 144, 212)","(66, 27, -29)"
650,pale red    ,#d9544d,"(217, 84, 77)","(54, 52, 32)"
651,pale rose    ,#fdc1c5,"(253, 193, 197)","(83, 22, 6)"
652,pale salmon    ,#ffb19a,"(255, 177, 154)","(79, 26, 23)"
653,pale sky blue   ,#bdf6fe,"(189, 246, 254)","(93, -16, -10)"
654,pale teal    ,#82cbb2,"(130, 203, 178)","(76, -28, 5)"
655,pale turquoise    ,#a5fbd5,"(165, 251, 213)","(92, -34, 10)"
656,pale violet    ,#ceaefa,"(206, 174, 250)","(76, 26, -33)"
657,pale yellow    ,#ffff84,"(255, 255, 132)","(98, -16, 58)"
658,parchment     ,#fefcaf,"(254, 252, 175)","(97, -10, 37)"
659,pastel blue    ,#a2bffe,"(162, 191, 254)","(77, 5, -34)"
660,pastel green    ,#b0ff9d,"(176, 255, 157)","(93, -42, 39)"
661,pastel orange    ,#ff964f,"(255, 150, 79)","(72, 34, 53)"
662,pastel pink    ,#ffbacd,"(255, 186, 205)","(82, 28, 0)"
663,pastel purple    ,#caa0ff,"(202, 160, 255)","(73, 34, -42)"
664,pastel red    ,#db5856,"(219, 88, 86)","(55, 51, 28)"
665,pastel yellow    ,#fffe71,"(255, 254, 113)","(97, -17, 66)"
666,pea     ,#a4bf20,"(164, 191, 32)","(73, -28, 69)"
667,pea green    ,#8eab12,"(142, 171, 18)","(66, -28, 65)"
668,pea soup    ,#929901,"(146, 153, 1)","(61, -18, 64)"
669,pea soup green   ,#94a617,"(148, 166, 23)","(65, -23, 63)"
670,peach     ,#ffb07c,"(255, 176, 124)","(78, 23, 38)"
671,peachy pink    ,#ff9a8a,"(255, 154, 138)","(74, 36, 25)"
672,peacock blue    ,#016795,"(1, 103, 149)","(41, -7, -32)"
673,pear     ,#cbf85f,"(203, 248, 95)","(92, -36, 67)"
674,periwinkle     ,#8e82fe,"(142, 130, 254)","(61, 35, -60)"
675,periwinkle blue    ,#8f99fb,"(143, 153, 251)","(66, 21, -50)"
676,perrywinkle     ,#8f8ce7,"(143, 140, 231)","(62, 23, -46)"
677,petrol     ,#005f6a,"(0, 95, 106)","(36, -19, -13)"
678,pig pink    ,#e78ea5,"(231, 142, 165)","(69, 36, 2)"
679,pine     ,#2b5d34,"(43, 93, 52)","(35, -27, 18)"
680,pine green    ,#0a481e,"(10, 72, 30)","(26, -29, 20)"
681,pink     ,#ff81c0,"(255, 129, 192)","(70, 55, -10)"
682,pink purple    ,#db4bda,"(219, 75, 218)","(57, 72, -45)"
683,pink red    ,#f5054f,"(245, 5, 79)","(52, 79, 29)"
684,pink/purple     ,#ef1de7,"(239, 29, 231)","(57, 90, -53)"
685,pinkish     ,#d46a7e,"(212, 106, 126)","(58, 44, 8)"
686,pinkish brown    ,#b17261,"(177, 114, 97)","(54, 23, 20)"
687,pinkish grey    ,#c8aca9,"(200, 172, 169)","(73, 10, 5)"
688,pinkish orange    ,#ff724c,"(255, 114, 76)","(65, 52, 47)"
689,pinkish purple    ,#d648d7,"(214, 72, 215)","(56, 72, -46)"
690,pinkish red    ,#f10c45,"(241, 12, 69)","(51, 77, 34)"
691,pinkish tan    ,#d99b82,"(217, 155, 130)","(69, 20, 22)"
692,pinky     ,#fc86aa,"(252, 134, 170)","(70, 48, 2)"
693,pinky purple    ,#c94cbe,"(201, 76, 190)","(53, 63, -36)"
694,pinky red    ,#fc2647,"(252, 38, 71)","(54, 76, 38)"
695,piss yellow    ,#ddd618,"(221, 214, 24)","(84, -16, 81)"
696,pistachio     ,#c0fa8b,"(192, 250, 139)","(92, -36, 47)"
697,plum     ,#580f41,"(88, 15, 65)","(19, 37, -12)"
698,plum purple    ,#4e0550,"(78, 5, 80)","(17, 40, -26)"
699,poison green    ,#40fd14,"(64, 253, 20)","(88, -80, 81)"
700,poo     ,#8f7303,"(143, 115, 3)","(50, 2, 55)"
701,poo brown    ,#885f01,"(136, 95, 1)","(43, 10, 51)"
702,poop     ,#7f5e00,"(127, 94, 0)","(42, 6, 50)"
703,poop brown    ,#7a5901,"(122, 89, 1)","(40, 6, 48)"
704,poop green    ,#6f7c00,"(111, 124, 0)","(49, -19, 54)"
705,powder blue    ,#b1d1fc,"(177, 209, 252)","(83, -1, -24)"
706,powder pink    ,#ffb2d0,"(255, 178, 208)","(80, 32, -4)"
707,primary blue    ,#0804f9,"(8, 4, 249)","(32, 77, -105)"
708,prussian blue    ,#004577,"(0, 69, 119)","(28, 2, -34)"
709,puce     ,#a57e52,"(165, 126, 82)","(56, 9, 30)"
710,puke     ,#a5a502,"(165, 165, 2)","(66, -16, 68)"
711,puke brown    ,#947706,"(148, 119, 6)","(51, 2, 56)"
712,puke green    ,#9aae07,"(154, 174, 7)","(67, -25, 68)"
713,puke yellow    ,#c2be0e,"(194, 190, 14)","(75, -15, 75)"
714,pumpkin     ,#e17701,"(225, 119, 1)","(61, 36, 68)"
715,pumpkin orange    ,#fb7d07,"(251, 125, 7)","(66, 43, 72)"
716,pure blue    ,#0203e2,"(2, 3, 226)","(28, 72, -98)"
717,purple     ,#7e1e9c,"(126, 30, 156)","(33, 57, -48)"
718,purple blue    ,#632de9,"(99, 45, 233)","(38, 66, -85)"
719,purple brown    ,#673a3f,"(103, 58, 63)","(30, 20, 6)"
720,purple grey    ,#866f85,"(134, 111, 133)","(50, 13, -9)"
721,purple pink    ,#e03fd8,"(224, 63, 216)","(56, 77, -45)"
722,purple red    ,#990147,"(153, 1, 71)","(32, 57, 5)"
723,purple/blue     ,#5d21d0,"(93, 33, 208)","(34, 63, -78)"
724,purple/pink     ,#d725de,"(215, 37, 222)","(53, 83, -54)"
725,purpleish     ,#98568d,"(152, 86, 141)","(46, 36, -19)"
726,purpleish blue    ,#6140ef,"(97, 64, 239)","(42, 59, -83)"
727,purpleish pink    ,#df4ec8,"(223, 78, 200)","(57, 69, -35)"
728,purpley     ,#8756e4,"(135, 86, 228)","(49, 51, -65)"
729,purpley blue    ,#5f34e7,"(95, 52, 231)","(39, 62, -83)"
730,purpley grey    ,#947e94,"(148, 126, 148)","(55, 12, -9)"
731,purpley pink    ,#c83cb9,"(200, 60, 185)","(51, 68, -37)"
732,purplish     ,#94568c,"(148, 86, 140)","(45, 34, -19)"
733,purplish blue    ,#601ef9,"(96, 30, 249)","(38, 75, -94)"
734,purplish brown    ,#6b4247,"(107, 66, 71)","(33, 18, 4)"
735,purplish grey    ,#7a687f,"(122, 104, 127)","(46, 12, -10)"
736,purplish pink    ,#ce5dae,"(206, 93, 174)","(56, 54, -22)"
737,purplish red    ,#b0054b,"(176, 5, 75)","(38, 63, 10)"
738,purply     ,#983fb2,"(152, 63, 178)","(43, 54, -45)"
739,purply blue    ,#661aee,"(102, 26, 238)","(37, 73, -90)"
740,purply pink    ,#f075e6,"(240, 117, 230)","(67, 62, -36)"
741,putty     ,#beae8a,"(190, 174, 138)","(72, 0, 21)"
742,racing green    ,#014600,"(1, 70, 0)","(25, -34, 32)"
743,radioactive green    ,#2cfa1f,"(44, 250, 31)","(86, -82, 79)"
744,raspberry     ,#b00149,"(176, 1, 73)","(37, 63, 11)"
745,raw sienna    ,#9a6200,"(154, 98, 0)","(46, 16, 54)"
746,raw umber    ,#a75e09,"(167, 94, 9)","(47, 25, 53)"
747,really light blue   ,#d4ffff,"(212, 255, 255)","(97, -14, -5)"
748,red     ,#e50000,"(229, 0, 0)","(48, 74, 62)"
749,red brown    ,#8b2e16,"(139, 46, 22)","(33, 38, 35)"
750,red orange    ,#fd3c06,"(253, 60, 6)","(56, 70, 67)"
751,red pink    ,#fa2a55,"(250, 42, 85)","(55, 76, 29)"
752,red purple    ,#820747,"(130, 7, 71)","(28, 51, -2)"
753,red violet    ,#9e0168,"(158, 1, 104)","(35, 61, -13)"
754,red wine    ,#8c0034,"(140, 0, 52)","(29, 53, 12)"
755,reddish     ,#c44240,"(196, 66, 64)","(47, 52, 30)"
756,reddish brown    ,#7f2b0a,"(127, 43, 10)","(30, 35, 38)"
757,reddish grey    ,#997570,"(153, 117, 112)","(52, 14, 8)"
758,reddish orange    ,#f8481c,"(248, 72, 28)","(57, 65, 61)"
759,reddish pink    ,#fe2c54,"(254, 44, 84)","(56, 76, 32)"
760,reddish purple    ,#910951,"(145, 9, 81)","(31, 55, -3)"
761,reddy brown    ,#6e1005,"(110, 16, 5)","(23, 39, 32)"
762,rich blue    ,#021bf9,"(2, 27, 249)","(33, 72, -103)"
763,rich purple    ,#720058,"(114, 0, 88)","(24, 50, -19)"
764,robin egg blue   ,#8af1fe,"(138, 241, 254)","(89, -26, -16)"
765,robin's egg    ,#6dedfd,"(109, 237, 253)","(87, -31, -18)"
766,robin's egg blue   ,#98eff9,"(152, 239, 249)","(89, -24, -13)"
767,rosa     ,#fe86a4,"(254, 134, 164)","(70, 49, 5)"
768,rose     ,#cf6275,"(207, 98, 117)","(55, 45, 10)"
769,rose pink    ,#f7879a,"(247, 135, 154)","(69, 44, 9)"
770,rose red    ,#be013c,"(190, 1, 60)","(40, 66, 24)"
771,rosy pink    ,#f6688e,"(246, 104, 142)","(63, 58, 7)"
772,rouge     ,#ab1239,"(171, 18, 57)","(37, 58, 21)"
773,royal     ,#0c1793,"(12, 23, 147)","(19, 44, -66)"
774,royal blue    ,#0504aa,"(5, 4, 170)","(20, 57, -79)"
775,royal purple    ,#4b006e,"(75, 0, 110)","(18, 47, -44)"
776,ruby     ,#ca0147,"(202, 1, 71)","(43, 69, 21)"
777,russet     ,#a13905,"(161, 57, 5)","(39, 41, 48)"
778,rust     ,#a83c09,"(168, 60, 9)","(40, 42, 49)"
779,rust brown    ,#8b3103,"(139, 49, 3)","(33, 37, 44)"
780,rust orange    ,#c45508,"(196, 85, 8)","(50, 41, 57)"
781,rust red    ,#aa2704,"(170, 39, 4)","(38, 51, 49)"
782,rusty orange    ,#cd5909,"(205, 89, 9)","(52, 43, 59)"
783,rusty red    ,#af2f0d,"(175, 47, 13)","(40, 50, 48)"
784,saffron     ,#feb209,"(254, 178, 9)","(78, 17, 80)"
785,sage     ,#87ae73,"(135, 174, 115)","(67, -24, 26)"
786,sage green    ,#88b378,"(136, 179, 120)","(69, -26, 26)"
787,salmon     ,#ff796c,"(255, 121, 108)","(66, 50, 32)"
788,salmon pink    ,#fe7b7c,"(254, 123, 124)","(67, 50, 23)"
789,sand     ,#e2ca76,"(226, 202, 118)","(82, -3, 45)"
790,sand brown    ,#cba560,"(203, 165, 96)","(70, 5, 41)"
791,sand yellow    ,#fce166,"(252, 225, 102)","(89, -5, 62)"
792,sandstone     ,#c9ae74,"(201, 174, 116)","(72, 2, 33)"
793,sandy     ,#f1da7a,"(241, 218, 122)","(87, -4, 50)"
794,sandy brown    ,#c4a661,"(196, 166, 97)","(69, 2, 40)"
795,sandy yellow    ,#fdee73,"(253, 238, 115)","(93, -10, 60)"
796,sap green    ,#5c8b15,"(92, 139, 21)","(53, -34, 52)"
797,sapphire     ,#2138ab,"(33, 56, 171)","(30, 34, -64)"
798,scarlet     ,#be0119,"(190, 1, 25)","(40, 64, 44)"
799,sea     ,#3c9992,"(60, 153, 146)","(58, -29, -5)"
800,sea blue    ,#047495,"(4, 116, 149)","(45, -15, -26)"
801,sea green    ,#53fca1,"(83, 252, 161)","(89, -63, 31)"
802,seafoam     ,#80f9ad,"(128, 249, 173)","(89, -50, 26)"
803,seafoam blue    ,#78d1b6,"(120, 209, 182)","(78, -33, 5)"
804,seafoam green    ,#7af9ab,"(122, 249, 171)","(89, -52, 27)"
805,seaweed     ,#18d17b,"(24, 209, 123)","(74, -62, 31)"
806,seaweed green    ,#35ad6b,"(53, 173, 107)","(63, -48, 25)"
807,sepia     ,#985e2b,"(152, 94, 43)","(45, 19, 38)"
808,shamrock     ,#01b44c,"(1, 180, 76)","(64, -61, 42)"
809,shamrock green    ,#02c14d,"(2, 193, 77)","(68, -65, 46)"
810,shit     ,#7f5f00,"(127, 95, 0)","(42, 6, 50)"
811,shit brown    ,#7b5804,"(123, 88, 4)","(40, 8, 47)"
812,shit green    ,#758000,"(117, 128, 0)","(51, -18, 56)"
813,shocking pink    ,#fe02a2,"(254, 2, 162)","(56, 87, -15)"
814,sick green    ,#9db92c,"(157, 185, 44)","(71, -28, 63)"
815,sickly green    ,#94b21c,"(148, 178, 28)","(68, -29, 65)"
816,sickly yellow    ,#d0e429,"(208, 228, 41)","(86, -27, 79)"
817,sienna     ,#a9561e,"(169, 86, 30)","(46, 30, 45)"
818,silver     ,#c5c9c7,"(197, 201, 199)","(81, -2, 1)"
819,sky     ,#82cafc,"(130, 202, 252)","(78, -9, -31)"
820,sky blue    ,#75bbfd,"(117, 187, 253)","(74, -4, -39)"
821,slate     ,#516572,"(81, 101, 114)","(41, -4, -10)"
822,slate blue    ,#5b7c99,"(91, 124, 153)","(50, -4, -20)"
823,slate green    ,#658d6d,"(101, 141, 109)","(55, -21, 13)"
824,slate grey    ,#59656d,"(89, 101, 109)","(42, -3, -6)"
825,slime green    ,#99cc04,"(153, 204, 4)","(76, -39, 75)"
826,snot     ,#acbb0d,"(172, 187, 13)","(72, -23, 72)"
827,snot green    ,#9dc100,"(157, 193, 0)","(73, -33, 73)"
828,soft blue    ,#6488ea,"(100, 136, 234)","(58, 16, -53)"
829,soft green    ,#6fc276,"(111, 194, 118)","(72, -41, 31)"
830,soft pink    ,#fdb0c0,"(253, 176, 192)","(79, 30, 3)"
831,soft purple    ,#a66fb5,"(166, 111, 181)","(55, 34, -29)"
832,spearmint     ,#1ef876,"(30, 248, 118)","(86, -75, 49)"
833,spring green    ,#a9f971,"(169, 249, 113)","(90, -47, 57)"
834,spruce     ,#0a5f38,"(10, 95, 56)","(35, -34, 16)"
835,squash     ,#f2ab15,"(242, 171, 21)","(75, 15, 75)"
836,steel     ,#738595,"(115, 133, 149)","(55, -3, -11)"
837,steel blue    ,#5a7d9a,"(90, 125, 154)","(51, -4, -20)"
838,steel grey    ,#6f828a,"(111, 130, 138)","(53, -5, -7)"
839,stone     ,#ada587,"(173, 165, 135)","(68, -2, 17)"
840,stormy blue    ,#507b9c,"(80, 123, 156)","(50, -5, -23)"
841,straw     ,#fcf679,"(252, 246, 121)","(95, -14, 60)"
842,strawberry     ,#fb2943,"(251, 41, 67)","(54, 75, 40)"
843,strong blue    ,#0c06f7,"(12, 6, 247)","(32, 76, -104)"
844,strong pink    ,#ff0789,"(255, 7, 137)","(55, 85, -1)"
845,sun yellow    ,#ffdf22,"(255, 223, 34)","(89, -5, 84)"
846,sunflower     ,#ffc512,"(255, 197, 18)","(82, 8, 82)"
847,sunflower yellow    ,#ffda03,"(255, 218, 3)","(88, -3, 87)"
848,sunny yellow    ,#fff917,"(255, 249, 23)","(95, -18, 91)"
849,sunshine yellow    ,#fffd37,"(255, 253, 55)","(97, -19, 86)"
850,swamp     ,#698339,"(105, 131, 57)","(51, -22, 36)"
851,swamp green    ,#748500,"(116, 133, 0)","(52, -21, 57)"
852,tan     ,#d1b26f,"(209, 178, 111)","(74, 2, 38)"
853,tan brown    ,#ab7e4c,"(171, 126, 76)","(56, 11, 34)"
854,tan green    ,#a9be70,"(169, 190, 112)","(74, -20, 37)"
855,tangerine     ,#ff9408,"(255, 148, 8)","(71, 33, 76)"
856,taupe     ,#b9a281,"(185, 162, 129)","(68, 3, 20)"
857,tea     ,#65ab7c,"(101, 171, 124)","(64, -33, 18)"
858,tea green    ,#bdf8a3,"(189, 248, 163)","(92, -34, 35)"
859,teal     ,#029386,"(2, 147, 134)","(55, -36, -2)"
860,teal blue    ,#01889f,"(1, 136, 159)","(52, -22, -21)"
861,teal green    ,#25a36f,"(37, 163, 111)","(60, -46, 18)"
862,tealish     ,#24bca8,"(36, 188, 168)","(69, -42, -1)"
863,tealish green    ,#0cdc73,"(12, 220, 115)","(77, -67, 39)"
864,terra cotta    ,#c9643b,"(201, 100, 59)","(54, 37, 41)"
865,terracota     ,#cb6843,"(203, 104, 67)","(55, 36, 38)"
866,terracotta     ,#ca6641,"(202, 102, 65)","(54, 37, 39)"
867,tiffany blue    ,#7bf2da,"(123, 242, 218)","(88, -39, 1)"
868,tomato     ,#ef4026,"(239, 64, 38)","(54, 65, 54)"
869,tomato red    ,#ec2d01,"(236, 45, 1)","(51, 69, 64)"
870,topaz     ,#13bbaf,"(19, 187, 175)","(69, -41, -5)"
871,toupe     ,#c7ac7d,"(199, 172, 125)","(72, 3, 28)"
872,toxic green    ,#61de2a,"(97, 222, 42)","(79, -64, 70)"
873,tree green    ,#2a7e19,"(42, 126, 25)","(46, -44, 44)"
874,true blue    ,#010fcc,"(1, 15, 204)","(26, 64, -89)"
875,true green    ,#089404,"(8, 148, 4)","(53, -57, 55)"
876,turquoise     ,#06c2ac,"(6, 194, 172)","(71, -45, 0)"
877,turquoise blue    ,#06b1c4,"(6, 177, 196)","(66, -30, -20)"
878,turquoise green    ,#04f489,"(4, 244, 137)","(85, -72, 38)"
879,turtle green    ,#75b84f,"(117, 184, 79)","(68, -40, 46)"
880,twilight     ,#4e518b,"(78, 81, 139)","(37, 15, -33)"
881,twilight blue    ,#0a437a,"(10, 67, 122)","(28, 5, -36)"
882,ugly blue    ,#31668a,"(49, 102, 138)","(41, -6, -25)"
883,ugly brown    ,#7d7103,"(125, 113, 3)","(47, -6, 52)"
884,ugly green    ,#7a9703,"(122, 151, 3)","(58, -27, 61)"
885,ugly pink    ,#cd7584,"(205, 117, 132)","(59, 36, 7)"
886,ugly purple    ,#a442a0,"(164, 66, 160)","(45, 53, -32)"
887,ugly yellow    ,#d0c101,"(208, 193, 1)","(77, -11, 78)"
888,ultramarine     ,#2000b1,"(32, 0, 177)","(22, 61, -80)"
889,ultramarine blue    ,#1805db,"(24, 5, 219)","(28, 70, -95)"
890,umber     ,#b26400,"(178, 100, 0)","(50, 26, 58)"
891,velvet     ,#750851,"(117, 8, 81)","(25, 48, -13)"
892,vermillion     ,#f4320c,"(244, 50, 12)","(53, 70, 63)"
893,very dark blue   ,#000133,"(0, 1, 51)","(2, 15, -30)"
894,very dark brown   ,#1d0200,"(29, 2, 0)","(3, 10, 4)"
895,very dark green   ,#062e03,"(6, 46, 3)","(15, -24, 21)"
896,very dark purple   ,#2a0134,"(42, 1, 52)","(7, 29, -23)"
897,very light blue   ,#d5ffff,"(213, 255, 255)","(97, -13, -4)"
898,very light brown   ,#d3b683,"(211, 182, 131)","(75, 3, 30)"
899,very light green   ,#d1ffbd,"(209, 255, 189)","(95, -26, 27)"
900,very light pink   ,#fff4f2,"(255, 244, 242)","(97, 4, 2)"
901,very light purple   ,#f6cefc,"(246, 206, 252)","(87, 22, -17)"
902,very pale blue   ,#d6fffe,"(214, 255, 254)","(97, -13, -4)"
903,very pale green   ,#cffdbc,"(207, 253, 188)","(95, -26, 26)"
904,vibrant blue    ,#0339f8,"(3, 57, 248)","(37, 60, -95)"
905,vibrant green    ,#0add08,"(10, 221, 8)","(77, -77, 74)"
906,vibrant purple    ,#ad03de,"(173, 3, 222)","(45, 81, -68)"
907,violet     ,#9a0eea,"(154, 14, 234)","(43, 80, -78)"
908,violet blue    ,#510ac9,"(81, 10, 201)","(30, 66, -81)"
909,violet pink    ,#fb5ffc,"(251, 95, 252)","(66, 78, -50)"
910,violet red    ,#a50055,"(165, 0, 85)","(35, 61, 0)"
911,viridian     ,#1e9167,"(30, 145, 103)","(53, -41, 14)"
912,vivid blue    ,#152eff,"(21, 46, 255)","(37, 67, -101)"
913,vivid green    ,#2fef10,"(47, 239, 16)","(83, -79, 78)"
914,vivid purple    ,#9900fa,"(153, 0, 250)","(44, 84, -85)"
915,vomit     ,#a2a415,"(162, 164, 21)","(65, -16, 64)"
916,vomit green    ,#89a203,"(137, 162, 3)","(63, -26, 65)"
917,vomit yellow    ,#c7c10c,"(199, 193, 12)","(76, -15, 76)"
918,warm blue    ,#4b57db,"(75, 87, 219)","(43, 37, -69)"
919,warm brown    ,#964e02,"(150, 78, 2)","(41, 26, 50)"
920,warm grey    ,#978a84,"(151, 138, 132)","(58, 4, 5)"
921,warm pink    ,#fb5581,"(251, 85, 129)","(60, 66, 11)"
922,warm purple    ,#952e8f,"(149, 46, 143)","(38, 54, -32)"
923,washed out green   ,#bcf5a6,"(188, 245, 166)","(91, -32, 32)"
924,water blue    ,#0e87cc,"(14, 135, 204)","(54, -5, -44)"
925,watermelon     ,#fd4659,"(253, 70, 89)","(58, 69, 31)"
926,weird green    ,#3ae57f,"(58, 229, 127)","(81, -64, 38)"
927,wheat     ,#fbdd7e,"(251, 221, 126)","(89, -1, 50)"
928,white     ,#ffffff,"(255, 255, 255)","(100, 0, 0)"
929,windows blue    ,#3778bf,"(55, 120, 191)","(49, 3, -43)"
930,wine     ,#80013f,"(128, 1, 63)","(27, 51, 1)"
931,wine red    ,#7b0323,"(123, 3, 35)","(25, 47, 18)"
932,wintergreen     ,#20f986,"(32, 249, 134)","(87, -72, 42)"
933,wisteria     ,#a87dc2,"(168, 125, 194)","(59, 30, -30)"
934,yellow     ,#ffff14,"(255, 255, 20)","(97, -21, 93)"
935,yellow brown    ,#b79400,"(183, 148, 0)","(63, 2, 67)"
936,yellow green    ,#c0fb2d,"(192, 251, 45)","(92, -44, 83)"
937,yellow ochre    ,#cb9d06,"(203, 157, 6)","(67, 6, 70)"
938,yellow orange    ,#fcb001,"(252, 176, 1)","(77, 17, 80)"
939,yellow tan    ,#ffe36e,"(255, 227, 110)","(90, -4, 60)"
940,yellow/green     ,#c8fd3d,"(200, 253, 61)","(93, -41, 80)"
941,yellowgreen     ,#bbf90f,"(187, 249, 15)","(91, -46, 87)"
942,yellowish     ,#faee66,"(250, 238, 102)","(93, -12, 66)"
943,yellowish brown    ,#9b7a01,"(155, 122, 1)","(53, 3, 58)"
944,yellowish green    ,#b0dd16,"(176, 221, 22)","(82, -37, 79)"
945,yellowish orange    ,#ffab0f,"(255, 171, 15)","(76, 21, 78)"
946,yellowish tan    ,#fcfc81,"(252, 252, 129)","(97, -16, 58)"
947,yellowy brown    ,#ae8b0c,"(174, 139, 12)","(59, 3, 62)"
948,yellowy green    ,#bff128,"(191, 241, 40)","(89, -40, 81)"
